firstname,middlename,surname,title,region,province,city
Franklin,M.,Drilon,Senate President,,,
Ralph,G,Recto,Senator President Pro-Tempore,,,
Alan Peter,S.,Cayetano,Senate Majority Leader,,,
Juan Ponce,,Enrile,Senate Minority Leader,,,
Juan Edgardo ,M.,Angara,Senator ,,,
Paolo Benigno,,Aquino,Senator,,,
Maria Lourdes Nancy,S.,Binay,Senator,,,
Pia ,S. ,Cayetano,Senator,,,
Miriam Defensor,,Santiago,Senator,,,
Joseph Victor,G.,Ejercito,Senator,,,
Francis Joseph,G.,Escudero,Senator,,,
Teofisto,L. ,Guingona III,Senator,,,
Gregorio ,B. ,Honasan II,Senator,,,
Jinggoy Ejercito,,Estrada,Senator,,,
Manuel,M. ,Lapid,Senator,,,
Loren,B. ,Legarda,Senator,,,
Ferdinand,R.,Marcos Jr.,Senator,,,
Sergio,R.,Osmeña,Senator,,,
Grace,L. ,Poe,Senator,,,
Aquilino Martin,L. ,Pimentel III,Senator,,,
Ramon,B. ,Revilla,Senator,,,
Antonio ,F.,Trillanes,Senator,,,
Cynthia,A.,Villar,Senator,,,
Oscar ,G.,Yabes,Senate Secretary,,,
Jose ,V.,Balajadia Jr.,Sergeant-at-Arms,,,
Edwin,B. ,Bellen,Deputy Secretary of Legislation,,,
Arnel Jose,S.,Bañas,Deputy Secretary of Administration and Financial Services,,,
Maria Valentina,S.,Santana-Cruz,Senate Legal Counsel,,,
Peter Paul,L. ,Pineda,Deputy Secretary of External Affairs and Relations,,,
Yolanda,D.,Doblon,"Director-General, Legislative Budget Research and Monitoring Office",,,
Rodelio,T.,Dascil,"Director-General, Senate Tax Study-Research Office",,,
Antonio ,G.,De Guzman Jr.,"Director-General, Office of the International Relations and Protocol",,,
Rodolfo Noel,S.,Quimbo,"Director-General, Blue Ribbon Oversight Office Management",,,
Ronald,R.,Golding,"Director-General, Senate Economic Planning Office",,,
Feliciano,,Belmonte Jr.,Speaker,,,
Henedina,R. ,Abad,Deputy Speaker,,,
Georgidi,B. ,Aggabao,Deputy Speaker,,,
Seorgio Antonio,F.,Apostol,Deputy Speaker,,,
Pangalian,M.,Balindong,Deputy Speaker,,,
Carlos,M.,Padilla,Deputy Speaker,,,
Roberto,V.,Puno,Deputy Speaker,,,
Neptali ,M.,Gonzales II,Majority Leader,,,
Ronaldo,B. ,Zamora,Minority Leader,,,
Ma. Jocelyn,V.,Bernos,"Representative, Lone",CAR,Abra,
Eleonor,C. ,Bulut-Begtang,"Representative, Lone",CAR,Apayao,
Nicasio ,M.,Aliping Jr.,"Representative, Lone",CAR,Baguio,
Ronald,M.,Cosalan,"Representative, Lone",CAR,Benguet,
Teodoro,B. ,Baguilat Jr.,"Representative, Lone",CAR,Ifugao,
Manuel ,S.,Agyao,"Representative, Lone",CAR,Kalinga,
Maximo,B. ,Dalog,"Representative, Lone",CAR,Mountain Province,
Enrico ,R.,Echiverri,"Representative, District 1",NCR,,Caloocan
Edgar,R.,Erice,"Representative, District 2",NCR,,Caloocan
Benjamin,DR.,Asilo,"Representative, District 1",NCR,,Manila
Carlo ,V.,Lopez,"Representative, District 2",NCR,,Manila
Ma. Zenaida,B. ,Angping,"Representative, District 3",NCR,,Manila
Ma. Theresa,B. ,Bonoan-David,"Representative, District 4",NCR,,Manila
Amado,S.,Bagatsing,"Representative, District 5",NCR,,Manila
Rosenda Ann,,Ocampo,"Representative, District 6",NCR,,Manila
Mark,A.,Villar,"Representative, Lone",NCR,,Las Piñas
Monique Yazmin,Q.,Lagdameo,"Representative, District 1",NCR,,Makati
Mar-Len Abigail,S.,Binay,"Representative, District 2",NCR,,Makati
Josephine Veronique,R.,Lacson-Noel,"Representative, Lone",NCR,,Malabon
Neptali ,M.,Gonzales II,"Representative, Lone",NCR,,Mandaluyong
Marcelino ,R.,Teodoro,"Representative, District 1",NCR,,Marikina
Romero Federico,S.,Quimbo,"Representative, District 2",NCR,,Marikina
Rodolfo ,G.,Biazon,"Representative, Lone",NCR,,Muntinlupa
Tobias,M.,Tianco,"Representative, Lone",NCR,,Navotas
Eric ,DL.,Olivarez,"Representative, District 1",NCR,,Parañaque
Gustavo ,S.,Tambunting,"Representative, District 2",NCR,,Parañaque
Imelda,G.,Calixto-Rubiano,"Representative, Lone",NCR,,Pasay
Roman,T.,Romulo,"Representative, Lone",NCR,,Pasig
Francisco,A.,Calalay Jr.,"Representative, District 1",NCR,,Quezon
Winston ,T.,Castelo,"Representative, District 2",NCR,,Quezon
Jorge John,B. ,Banal Jr.,"Representative, District 3",NCR,,Quezon
Feliciano ,R.,Belmonte Jr.,"Representative, District 4",NCR,,Quezon
Alfredo,D.,Vargas III,"Representative, District 5",NCR,,Quezon
Jose Christopher,Y.,Belmonte ,"Representative, District 6",NCR,,Quezon
Ronaldo,B. ,Zamora,"Representative, Lone",NCR,,San Juan
Arnel Jose,M.,Cerafica,"Representative, District 1",NCR,,Taguig
Lino ,S.,Cayetano,"Representative, District 2",NCR,,Taguig
Sherwin,T.,Gatchalian,"Representative, District 1",NCR,,Valenzuela
Magtanggol,T.,Gunigundo,"Representative, District 2",NCR,,Valenzuela
Rodolfo,C. ,Farinas,"Representative, District 1",I- Ilocos Region ,Ilocos Norte,
Imelda,R.,Marcos ,"Representative, District 2",I- Ilocos Region ,Ilocos Norte,
Ronald ,V. ,Singson,"Representative, District 1",I- Ilocos Region ,Ilocos Sur ,
Eric,G.,Singson Jr.,"Representative, District 2",I- Ilocos Region ,Ilocos Sur ,
Victor Francisco,C. ,Ortega,"Representative, District 1",I- Ilocos Region ,La Union ,
Eufranio,C.,Eriguel,"Representative, District 2",I- Ilocos Region ,La Union ,
Jesus, F. ,Celeste,"Representative, District 1",I- Ilocos Region ,Pangasinan ,
Leopoldo,N.,Bataoil,"Representative, District 2",I- Ilocos Region ,Pangasinan ,
Rose Marie, J.,Arenas,"Representative, District 3",I- Ilocos Region ,Pangasinan ,
Ma. Georgina,P.,De Venecia,"Representative, District 4",I- Ilocos Region ,Pangasinan ,
Carmen,S.,Cojuangco,"Representative, District 5",I- Ilocos Region ,Pangasinan ,
Marlyn , L.,Primicias-Agabas,"Representative, District 6",I- Ilocos Region ,Pangasinan ,
Henedina, R.,Abad,"Representative, Lone",I- Ilocos Region ,Batanes,
Salvacion ,S. ,Ponce-Enrile,"Representative, District 1",II - Cagayan Valley,Cagayan ,
Baby Aline,,Vargas-Alfonso,"Representative, District 2",II - Cagayan Valley,Cagayan ,
Randolph,S.,Ting,"Representative, District 3",II - Cagayan Valley,Cagayan ,
Rodolfo ,B.,Albano Jr.,"Representative, District 1",II - Cagayan Valley,Isabela ,
Ana Cristina,S. ,Go,"Representative, District 2",II - Cagayan Valley,Isabela ,
Napoleon ,S. ,Dy,"Representative, District 3",II - Cagayan Valley,Isabela ,
Giorgidi ,B., Aggabao,"Representative, District 4",II - Cagayan Valley,Isabela ,
Carlos, M. ,Padilla,"Representative, Lone",II - Cagayan Valley,Nueva Viscaya,
Dakila Carlo , E.,Cua,"Representative, Lone",II - Cagayan Valley,Quirino,
Bellaflor , J. ,Angara-Castillo,"Representative, Lone",III - Central Luzon,Aurora,
Herminia ,B.,Roman,"Representative, District 1",III - Central Luzon,Bataan ,
Enrique ,T.,Garcia Jr.,"Representative, District 2",III - Central Luzon,Bataan ,
Ma. Victoria ,R.,Sy-Alvarado,"Representative, District 1",III - Central Luzon,Bulacan ,
Garvini,C.,Pancho,"Representative, District 2",III - Central Luzon,Bulacan ,
Joselito,R.,Mendoza,"Representative, District 3",III - Central Luzon,Bulacan ,
Linabellle Ruth,R. ,Villarica,"Representative, District 4",III - Central Luzon,Bulacan ,
Arturo,B.,Robes,"Representative, Lone",III - Central Luzon,Bulacan ,San Jose Del Monte
Estrellita ,B.,Suansing,"Representative, District 1",III - Central Luzon,Nueva Ecija,
Joseph Gilbert , F.,Violago,"Representative, District 2",III - Central Luzon,Nueva Ecija,
Czarina ,D.,Umali,"Representative, District 3",III - Central Luzon,Nueva Ecija,
Magnola Rosa ,C.,Antonino-Nadres,"Representative, District 4",III - Central Luzon,Nueva Ecija,
Joseller,M.,Guiao,"Representative, District 1",III - Central Luzon,Pampanga,
Gloria ,M.,Macapagal-Arroyo,"Representative, District 2",III - Central Luzon,Pampanga,
Oscar ,S.,Rodriguez,"Representative, District 3",III - Central Luzon,Pampanga,
Juan Pablo,P.,Bondoc,"Representative, District 4",III - Central Luzon,Pampanga,
Enrique ,M.,Cojuangco,"Representative, District 1",III - Central Luzon,Tarlac,
Susan ,A.,Yap-Sulit,"Representative, District 2",III - Central Luzon,Tarlac,
Noel ,L.,Villanueva,"Representative, District 3",III - Central Luzon,Tarlac,
Jeffrey ,D.,Khonghun,"Representative, District 1",III - Central Luzon,Zambales Dis.,
Cheryl ,P.,Deloso-Montalla,"Representative, District 2",III - Central Luzon,Zambales Dis.,
Elenita ,,Ermita-Buhain,"Representative, District 1",IVA - CALABARZON,Batangas,
Raneo ,E.,Abu,"Representative, District 2",IVA - CALABARZON,Batangas,
Nelson ,P.,Collantes,"Representative, District 3",IVA - CALABARZON,Batangas,
Mark Llandro , L.,Mendoza ,"Representative, District 4",IVA - CALABARZON,Batangas,
Francis Gerald ,A.,Abaya,"Representative, District 1",IVA - CALABARZON,Cavite,
Lani,,Mercado-Revilla,"Representative, District 2",IVA - CALABARZON,Cavite,
Alex, L.,Advincula,"Representative, District 3",IVA - CALABARZON,Cavite,
Elpidio ,F.,Barzaga Jr.,"Representative, District 4",IVA - CALABARZON,Cavite,
Roy,M.,Loyola,"Representative, District 5",IVA - CALABARZON,Cavite,
Luis ,A.,Ferrer IV,"Representative, District 6",IVA - CALABARZON,Cavite,
Abraham ,N.,Tolentino,"Representative, District 7",IVA - CALABARZON,Cavite7,
Danilo Ramon ,S.,Fernandez,"Representative, District 1",IVA - CALABARZON,Laguna,
Joaquin ,M. , Chipeco Jr.,"Representative, District 2",IVA - CALABARZON,Laguna,
Sol ,,Aragones,"Representative, District 3",IVA - CALABARZON,Laguna,
Benjamin ,C.,Agaro Jr.,"Representative, District 4",IVA - CALABARZON,Laguna,
Wilfrido Mark , M.,Enverga,"Representative, District 1",IVA - CALABARZON,Quezon,
Vicente , J. ,Alcala,"Representative, District 2",IVA - CALABARZON,Quezon,
Aleta ,C. ,Suarez,"Representative, District 3",IVA - CALABARZON,Quezon,
Angelina ,D. L.,Tan,"Representative, District 4",IVA - CALABARZON,Quezon,
Joel Roy,R.,Duavit,"Representative, District 1",IVA - CALABARZON,Rizal,
Isidro ,S.,Rodriguez Jr.,"Representative, District 2",IVA - CALABARZON,Rizal,
Roberto ,V.,Puno,"Representative, District 1",IVA - CALABARZON,Antipolo,
Romeo ,M.,Acop,"Representative, District 2",IVA - CALABARZON,Antipolo,
Regina ,O.,Reyes,"Representative, Lone",IVB - MIMAROPA,Marinduque,
Josephine ,R. ,Sato,"Representative, Lone",IVB - MIMAROPA,Occidental Mindoro,
Paulino Salvador,C.,Leachon,"Representative, District 1",IVB - MIMAROPA,Oriental Mindoro,
Reynaldo ,V.,Umali,"Representative, District 2",IVB - MIMAROPA,Oriental Mindoro,
Francisco Josef George,E.,Alvarez,"Representative, District 1",IVB - MIMAROPA,Palawan,
Frederick ,,Abueg,"Representative, District 2",IVB - MIMAROPA,Palawan,
Douglas ,S.,Hagedorn,"Representative, District 3",IVB - MIMAROPA,Palawan,
Eleandro Jesus,F.,Madrona,"Representative, Lone",IVB - MIMAROPA,Romblon,
Edicel ,B.,Lagman,"Representative, District 1",V - Bicol Region,Albay,
Al Francis,DC,Bichara,"Representative, District 2",V - Bicol Region,Albay,
Fernando ,V.,Gonzalez,"Representative, District 3",V - Bicol Region,Albay,
Catherine ,,Barcelona-Reyes,"Representative, District 1",V - Bicol Region,Camarinus Norte,
Elmer ,E.,Panotes,"Representative, District 2",V - Bicol Region,Camarinus Norte,
Rolando,G.,Andaya Jr.,"Representative, District 1",V - Bicol Region,Camarinus Sur,
Diosdado ,M.,Arroyo,"Representative, District 2",V - Bicol Region,Camarinus Sur,
Maria Leonor,G.,Robredo,"Representative, District 3",V - Bicol Region,Camarinus Sur,
Felix William,B.,Fuentebella,"Representative, District 4",V - Bicol Region,Camarinus Sur,
Salvio ,B.,Fortuno,"Representative, District 5",V - Bicol Region,Camarinus Sur,
Cesar ,V. ,Sarmiento,"Representative, Lone",V - Bicol Region,Catanduanes,
Maria Vida,E.,Bravo,"Representative, District 1",V - Bicol Region,Masbate,
Elisa , T.,Kho,"Representative, District 2",V - Bicol Region,Masbate,
Scott Davies,S. ,Lanete,"Representative, District 3",V - Bicol Region,Masbate,
Evelina ,G.,Escudero,"Representative, District 1",V - Bicol Region,Sorsogon,
Deogracias ,B.,Ramos Jr.,"Representative, District 2",V - Bicol Region,Sorsogon,
Teodorico ,T.,Haresco Jr.,"Representative, Lone",VI - Western Visayas,Aklan,
Paolo ,S.,Javier,"Representative, Lone",VI - Western Visayas,Antique,
Evelio ,,Leonardia,"Representative, Lone",VI - Western Visayas,Negros Occidental,Bacolod
Antonio ,A.,Del Rosario,"Representative, District 1",VI - Western Visayas,Capiz,
Fredenil,H.,Castro,"Representative, District 2",VI - Western Visayas,Capiz,
Joaquin Carlos Rahman ,A.,Nava,"Representative, Lone",VI - Western Visayas,Guimaras,
Jerry , P.,Treñas,"Representative, Lone",VI - Western Visayas,Iloilo,Iloilo City
Oscar ,S.,Garin Jr.,"Representative, District 1",VI - Western Visayas,Iloilo,
Arcadio ,H.,Gorriceta,"Representative, District 2",VI - Western Visayas,Iloilo,
Arthur,R.,Defensor Jr.,"Representative, District 3",VI - Western Visayas,Iloilo,
Hernan,G.,Biron Jr.,"Representative, District 4",VI - Western Visayas,Iloilo,
Niel ,C.,Tupas Jr.,"Representative, District 5",VI - Western Visayas,Iloilo,
Julio,A., Ledesma IV,"Representative, District 1",VI - Western Visayas,Negros Occidental,
Leo Rafael,M.,Cueva,"Representative, District 2",VI - Western Visayas,Negros Occidental,
Alfredo ,B.,Benitez,"Representative, District 3",VI - Western Visayas,Negros Occidental,
Jeffrey ,P.,Ferrer,"Representative, District 4",VI - Western Visayas,Negros Occidental,
Alejandro ,Y.,Mirasol,"Representative, District 5",VI - Western Visayas,Negros Occidental,
Mercedes ,K.,Alvarez,"Representative, District 6",VI - Western Visayas,Negros Occidental,
Rene ,L.,Relampagos,"Representative, District 1",VII - Central Visayas,Bohol,
Erico ,B.,Aumentado,"Representative, District 2",VII - Central Visayas,Bohol,
Arthur ,C.,Yap,"Representative, District 3",VII - Central Visayas,Bohol.dist.,
Raul,B.,Del Mar,"Representative, District 1",VII - Central Visayas,Cebu,Cebu City
Rodrigo ,A.,Abellanosa,"Representative, District 2",VII - Central Visayas,Cebu,Cebu City
Gerald Anthony ,V. ,Gullas Jr.,"Representative, District 1",VII - Central Visayas,Cebu,
Wilfredo,S.,Caminero,"Representative, District 2",VII - Central Visayas,Cebu,
Gwendolyn ,F.,Garcia,"Representative, District 3",VII - Central Visayas,Cebu,
Benhur ,L.,Salimbangon,"Representative, District 4",VII - Central Visayas,Cebu,
Joseph ,H.,Durano,"Representative, District 5",VII - Central Visayas,Cebu,
Gabriel Luis,R.,Quisumbing,"Representative, District 6",VII - Central Visayas,Cebu,
Aileen ,C.,Radaza,"Representative, Lone",VII - Central Visayas,Cebu,Lapu-lapu City
Manuel ,M.,Iway,"Representative, District 1",VII - Central Visayas,Negros Oriental,
George ,P. ,Arnaiz,"Representative, District 2",VII - Central Visayas,Negros Oriental,
Pryde Henry ,A.,Teves,"Representative, District 3",VII - Central Visayas,Negros Oriental,
Marie Anne,S.,Pernes,"Representative, Lone",VII - Central Visayas,Siquijor,
Rogelio, J.,Espina,"Representative, Lone",VIII - Eastern Visayas,Biliran,
Ferdinand Martin,G. ,Romualdez,"Representative, District 1",VIII - Eastern Visayas,Leyte,
Sergio ,F.,Apostol,"Representative, District 2",VIII - Eastern Visayas,Leyte,
Andres , D., Salvacion Jr.,"Representative, District 3",VIII - Eastern Visayas,Leyte,
Lucy Marie,, Torres-Gomez,"Representative, District 4",VIII - Eastern Visayas,Leyte,
Jose Carlos,L.,Cari,"Representative, District 5",VIII - Eastern Visayas,Leyte,
Damian,G. ,Mercado,"Representative, Lone",VIII - Eastern Visayas,Southern Leyte,
Ben ,P.,Evardone,"Representative, Lone",VIII - Eastern Visayas,Eastern Samar,
Harlin ,C.,Abaylon,"Representative, District 1",VIII - Eastern Visayas,Northern Samar,
Emil ,L. ,Ong,"Representative, District 2",VIII - Eastern Visayas,Northern Samar,
Mel Senen,S.,Sarmiento,"Representative, District 1",VIII - Eastern Visayas,Western Samar,
Milagrosa ,T. ,Tan,"Representative, District 2",VIII - Eastern Visayas,Western Samar,
Celso ,L.,Lobregat,"Representative, District 1",IX - Zamboanga Peninsula,Zamboanga del Sur,Zamboanga City
Lilia ,M. ,Nuño,"Representative, District 2",IX - Zamboanga Peninsula,Zamboanga del Sur,Zamboanga City
Seth Frederick , P.,Jalosjos,"Representative, District 1",IX - Zamboanga Peninsula,Zamboanga Del Norte,
Rosendo ,S. ,Labadlabad,"Representative, District 2",IX - Zamboanga Peninsula,Zamboanga Del Norte,
Isagani ,S.,Amatong,"Representative, District 3",IX - Zamboanga Peninsula,Zamboanga Del Norte,
Victor ,J.,Yu,"Representative, District 1",IX - Zamboanga Peninsula,Zamboanga Del Sur,
Aurora ,E.,Cerilles,"Representative, District 2",IX - Zamboanga Peninsula,Zamboanga Del Sur,
Belma ,A.,Cabilao,"Representative, District 1",IX - Zamboanga Peninsula,Zambo Sibugay,
Ann ,K.,Hofer,"Representative, District 2",IX - Zamboanga Peninsula,Zamboanga Sibugay,
Maria Lourdes ,,Acosta-Alba,"Representative, District 1",X - Northern Mindanao,Bukidnon,
Acosta-Alba,T.,Flores Jr.,"Representative, District 2",X - Northern Mindanao,Bukidnon,
Jose Ma., F. ,Zubiri III,"Representative, District 3",X - Northern Mindanao,Bukidnon,
Rogelio Neil Pepito ,,Roque,"Representative, District 4",X - Northern Mindanao,Bukidnon,
Rolando ,A.,Uy,"Representative, District 1",X - Northern Mindanao,Misamis Oriental,Cagayan De Oro City
Rufus ,B.,Rodriguez,"Representative, District 2",X - Northern Mindanao,Misamis Oriental,Cagayan De Oro City
Xavier Jesus ,D.,Romualdo,"Representative, Lone",X - Northern Mindanao,Camiguin,
Imelda ,,Quibranza-Dimaporo,"Representative, District 1",X - Northern Mindanao,Lanao Del Norte,
Abdullah ,D.,Dimaporo,"Representative, District 2",X - Northern Mindanao,Lanao Del Norte,
Vicente ,F.,Belmonte Jr.,"Representative, Lone",X - Northern Mindanao,Lanao del Norte,Iligan City
Jorge ,T.,Almonte,"Representative, District 1",X - Northern Mindanao,Misamis Occidental,
Henry ,S.,Oaminal,"Representative, District 2",X - Northern Mindanao,Misamis Occidental,
Peter  ,M.,Unabia,"Representative, District 1",X - Northern Mindanao,Misamis Oriental,
Juliette , T. ,Uy,"Representative, District 2",X - Northern Mindanao,Misamis Oriental,
Ma. Carmen,,Zamora-Apsay,"Representative, District 3",XI - Davao Region,Compostela Valley,
Rommel ,C.,Amatong,"Representative, District 4",XI - Davao Region,Compostela Valley,
Karlo Alexei , B.,Nograles,"Representative, District 1",XI - Davao Region,Davao del Sur,Davao City
Mylene , J.,Garcia-Albano,"Representative, District 2",XI - Davao Region,Davao del Sur,Davao City
Isidro ,T.,Ungab,"Representative, District 3",XI - Davao Region,Davao del Sur,Davao City
Mercedes ,C.,Cagas,"Representative, District 1",XI - Davao Region,Davao Del Sur,
Franklin ,P.,Bautista,"Representative, District 2",XI - Davao Region,Davao Del Sur,
Antonio Rafael,G.,Del Rosario,"Representative, District 1",XI - Davao Region,Davao Del Norte,
Antonio ,F.,Lagdameo Jr.,"Representative, District 2",XI - Davao Region,Davao Del Norte,
Nelson,L.,Dayanghirang,"Representative, District 1",XI - Davao Region,Davao Oriental,
Thelma ,Z. ,Almario,"Representative, District 2",XI - Davao Region,Davao Oriental,
Jesus ,N.,Sacdalan,"Representative, District 1",XII - SOCCSKSARGEN,North Cotabato,
Nancy ,A. ,Catamco,"Representative, District 2",XII - SOCCSKSARGEN,North Cotabato,
Jose ,T.,Tejada,"Representative, District 3",XII - SOCCSKSARGEN,North Cotabato,
Emmanuel , D.,Pacquiao,"Representative, Lone",XII - SOCCSKSARGEN,Sarangani,
Pedro ,B.,Acharon Jr.,"Representative, District 1",XII - SOCCSKSARGEN,South Cotabato,South Cotabato and General Santos City
Ferdinand ,,Hernandez,"Representative, District 2",XII - SOCCSKSARGEN,South Cotabato,South Cotabato and General Santos City
Raden ,C.,Sakaluran,"Representative, District 1",XII - SOCCSKSARGEN,Sultan Kudarat,
Arnulfo ,F.,Go,"Representative, District 2",XII - SOCCSKSARGEN,Sultan Kudarat,
Lawrence Lemuel ,H.,Fortun,"Representative, District 1",XIII - Caraga,Agusan Del Norte,
Erlpe John ,M. ,Amante,"Representative, District 2",XIII - Caraga,Agusan Del Norte,
Ma. Valentina,G,Plaza,"Representative, District 1",XIII - Caraga,Agusan Del Sur,
Evelyn , P.,Mellana,"Representative, District 2",XIII - Caraga,Agusan Del Sur,
Arlene,J. ,Bag-ao,"Representative, Lone",XIII - Caraga,Dinagat Islands,
Francisco ,T.,Matugas,"Representative, District 1",XIII - Caraga,Surigao Del Norte,
Guillermo , A. ,Romarate Jr.,"Representative, District 2",XIII - Caraga,Surigao Del Norte,
Philip , A.,Pichay,"Representative, District 1",XIII - Caraga,Surigao Del Sur,
Florencio ,C. ,Garay,"Representative, District 2",XIII - Caraga,Surigao Del Sur,
Hadjiman,,Hataman-Salliman,"Representative, Lone",ARMM,Basilan,
Ansaruddin , A. ,Adiong M.A.,"Representative, District 1",ARMM,Lanao Del Sur,
Pangalian ,M.,Balindong,"Representative, District 2",ARMM,Lanao Del Sur,
Bai Sandra ,A.,Sema,"Representative, District 1",ARMM,Maguindanao,Magindanao and Cotabato City
Zajid ,G.,Mangudadatu,"Representative, District 2",ARMM,Maguindanao,Magindanao and Cotabato City
Tupay ,T.,Loong,"Representative, District 1",ARMM,Sulu,
Maryam Napii,,Arbison,"Representative, District 2",ARMM,Sulu,
Ruby,M.,Sahali,"Representative, Lone",ARMM,Tawi-Tawi,
Silvestre ,H., Bello III,"Representative, 1 Banat & Ahapo Party-list Coalition (1-BAP)",,,
Edgardo , R.,Masongsong,"Representative, 1st Consumers Alliance for Rural Energy, Inc. (1-CARE)",,,
Michael Angelo,C.,Rivera,"Representative, 1st Consumers Alliance for Rural Energy, Inc. (1-CARE)",,,
Jonathan ,A., Dela Cruz,"Representative, Abakada-Guro (ABAKADA)",,,
Maximo ,B.,Rodriguez Jr.,"Representative, Abante Mindanao, Inc. (ABAMIN)",,,
Conrado,M. ,Estrella III,"Representative, Abono Party-list (ABONO)",,,
Francisco Emmanuel ,R.,Ortega III,"Representative, Abono Party-list (ABONO)",,,
Dante Antonio, L.,Tinio,"Representative, Act Teachers Party-list (ACT TEACHERS)",,,
Julieta, R.,Cortuna,"Representative, Advocacy for Teacher Empowerment Through Action, Cooperation and Harmony Towards Educational Reforms (A TEACHER)",,,
Mariano ,U. , Piamonte Jr.,"Representative, Advocacy for Teacher Empowerment Through Action, Cooperation and Harmony Towards Educational Reforms (A TEACHER)",,,
Patricio ,T.,Antonio,"Representative, AGBIAG",,,
Delphine,G.,Lee,"Representative, Agri-Agra na Reporma Para sa Magsasaka ng Pilipinas (AGRI)",,,
Nicanor ,M.,Briones,"Representative, Agricultural Sector Alliance of the Philippines (AGAP)",,,
Rico,B.,Geron,"Representative, Agricultural Sector Alliance of the Philippines (AGAP)",,,
Walden , F.,Bello,"Representative, Akbayan Citizens’ Action Party (AKBAYAN)",,,
Ibarra ,M.,Gutierrez III,"Representative, Akbayan Citizens’ Action Party (AKBAYAN)",,,
Rodel ,M.,Batocabe,"Representative, Ako Bicol Party-list (AKB)",,,
Christopher ,S.,Co,"Representative, Ako Bicol Party-list (AKB)",,,
Weslie ,,Gatchalian,"Representative, Alay Buhay Community Development Foundation, Inc. (ALAY BUHAY)",,,
Eulogio ,,Magsaysay,"Representative, Alliance of Volunteer Educators (AVE)",,,
Neil Benedict ,A.,Montejo,"Representative, AN WARAY",,,
Victoria ,G.,Noel,"Representative, AN WARAY",,,
Jose ,T.,Panganiban  Jr.,"Representative, ANAC-IP",,,
Sitti Djalia ,A. ,Turabin-Hataman,"Representative, Anak Mindanao (AMIN)",,,
Fernando,L.,Hicap,"Representative, ANAKPAWIS",,,
Sharon,S. ,Garin,"Representative, Ang Asosasyon Sang Mangunguma Nga Bisaya-OWA Mangunguma (AAMBIS-OWA)",,,
Lorna ,Q.,Velasco,"Representative, Ang Mata’y Alagaan (AMA)",,,
Leah Primitiva,G.,Samaco-Paquiz,"Representative, ANG NARS",,,
Jesulito,A. ,Manolo,"Representative, Ang Partido ng mga Pilipinong Marino, Inc. (ANGKLA)",,,
Samuel ,D.,Pagdilao,"Representative, Anti-Crime and Terroris- Community Involvement and Support, Inc. (ACT-CIS)",,,
Pablo ,R., Nava III,"Representative, APPEND",,,
Catalina, G.,Loenen-Pizarro,"Representative, Arts Business and Science Professionals (ABS)",,,
Isidro , S.,Lico,"Representative, ATING COOP",,,
Neri ,J.,Colmenares,"Representative, BAYAN MUNA",,,
Carlos Isagani , T,Zarate,"Representative, BAYAN MUNA",,,
Jose ,L., Atienza Jr. ,"Representative, Buhay Hayaan Yumabong (BUHAY)",,,
William Irwin,C.,Tieng,"Representative, Buhay Hayaan Yumabong (BUHAY)",,,
Mariano Michael ,M.,Velarde Jr.,"Representative, Buhay Hayaan Yumabong (BUHAY)",,,
Agapito , H. ,Guanlao,"Representative, Butil Farmers Party (BUTIL)",,,
Cinchona ,,Cruz-Gonzales,"Representative, Citizen’s Battle Against Corruption (CIBAC)",,,
Sherwin ,N.,Tugna,"Representative, Citizen’s Battle Against Corruption (CIBAC)",,,
Anthony,M. ,Bravo,"Representative, Cooperative Natcco Network Party (COOP NATCCO)",,,
Cresente ,C.,Paez,"Representative, Cooperative Natcco Network Party (COOP NATCCO)",,,
Emmeline,Y.,Aglipay,"Representative, Democratic Independent Workers Association Inc. (DIWA)",,,
Emerciana ,A. ,De Jesus,"Representative, Gabriela Women’s Party (GABRIELA)",,,
Luzviminda ,C.,Ilagan,"Representative, Gabriela Women’s Party (GABRIELA)",,,
James Mark Terry,L. ,Ridon,"Representative, Kabataan Party-list (KABATAAN)",,,
Abigail Faye,C.,Ferriol,"Representative, Kalinga-Advocacy for Social Empowerment and Nation Building Through Easing Poverty, Inc (KALINGA)",,,
Arnel ,U. ,Ty,"Representative, LPG Marketer’s Association, Inc. (LPGMA)",,,
Francisco Ashley , L.,Acedillo,"Representative, Magdalo para sa Pilipino (MAGDALO)",,,
Gary ,C.,Alejano,"Representative, Magdalo para sa Pilipino (MAGDALO)",,,
Juan Anthony, U. ,Revilla,"Representative, OFW Family Club, Inc. (OFW)",,,
Roy , V.,Señeres Sr.,"Representative, OFW Family Club, Inc. (OFW)",,,
Erlinda,M.,Santiago,"Representative, Social Amelioration & Genuine Intervention on Poverty (1-SAGIP)",,,
Raymond Democrito ,,Mendoza,"Representative, Trade Union Congress Party (TUCP)",,,
Carol Jayne, B. ,Lopez,"Representative, You Against Corruption and Poverty (YACAP)",,,
Eleandro Jesus,F.,Madrona,"Representative, Accounts",,,
Teddy Brawner ,,Baguilat Jr.,"Representative, Agrarian Reform",,,
Mark Llandro, L.,Mendoza,"Representative, Agriculture and Food",,,
Isidro,T.,Ungab,"Representative, Appropriations",,,
Benhur ,L.,Salimbangon,"Representative, Aquaculture and Fisheries Resources",,,
Nelson ,P.,Collantes,"Representative, Banks and Financial Intermediaries",,,
Kimi ,S.,Cojuangco,"Representative, Basic Education and Culture",,,
Andres ,D.,Salvacion Jr.,"Representative, Civil Service and Professional Regulation",,,
Mylen,J.,Garcia-Albano,"Representative, Constitutional Amendments",,,
Cresente ,T.,Paez,"Representative, Cooperatives Development",,,
Vicente , F,Belmonte Jr.,"Representative, Dangerous Drugs",,,
Amado ,S.,Bagatsing,"Representative, Ecology",,,
Enrique ,M.,Cojuangco,"Representative, Economic Affairs",,,
Reynaldo ,V.,Umali,"Representative, Energy",,,
Joaquin ,M.,Chipeco Jr.,"Representative, Ethics and Privileges",,,
Al Francis,DC,Bichara,"Representative, Foreign Affairs",,,
Elpidio , F.,Barzaga Jr.,"Representative, Games and Amusements",,,
Oscar ,S.,Bagatsing,"Representative, Good Government and Public Accountability",,,
Mylen , J. ,Garcia-Albano,"Representative, Government Enterprises and Privatization",,,
Oscar ,S.,Rodriquez,"Representative, Good Government and Public Accountability",,,
Jesus,N.,Sacdalan,"Representative, Government Enterprises and Privatization",,,
Romeo ,M. ,Acop,"Representative, Government Reorganization",,,
Eufranio , C.,Eriguel,"Representative, Health",,,
Roman, T.,Romulo,"Representative, Higher and Technical Education",,,
Alfredo ,B.,Benitez,"Representative, Housing and Urban Development",,,
Guillermo ,A.,Romarate Jr.,"Representative, Human Rights",,,
Joel Roy,P.,Duavit,"Representative, Information and Communications Technology",,,
Raul ,V.,Del Mar,"Representative, Interpaliamentary Relations and Diplomacy",,,
Neil ,C.,Tupas Jr.,"Representative, Justice",,,
Karlo Alexei,B. ,Nograles,"Representative, Labor and Employment",,,
Marcelino ,R.,Teodoro,"Representative, Legislative Franchises",,,
Pedro , B. ,Acharon Jr.,"Representative, Local Government",,,
Winston,T. ,Castelo,"Representative, Metro Manila Development",,,
Arnulfo,F.,Go,"Representative, Mindanao Affairs",,,
Tupay ,T.,Loong,"Representative, Muslim Affairs",,,
Nancy ,A.,Catamco,"Representative, National Cultural Communities",,,
Rodolfo ,G. ,Biazon,"Representative, National Defense and Security",,,
Francisco ,T.,Matugas,"Representative, Natural Resources",,,
Walden, F.,Bello,"Representative, Overseas Workers Affairs",,,
Benjamin ,DR,Asilo,"Representative, People’s Participation",,,
Rogelio ,J,Espina,"Representative, Population and Family Relations",,,
Salvio ,P,Ferrer,"Representative, Poverty Alleviation",,,
Jorge ,T,Almonte,"Representative, Public Order and Safety",,,
Ronald ,M,Cosalan,"Representative, Public Information",,,
Marlyn ,L,Primicias-Agabas,"Representative, Public Works and Highways",,,
Neptali ,M,Gonzales II,"Representative, Revision of Laws",,,
Manuel ,S,Agyao,"Representative, Rules",,,
Victor,J,Yu,"Representative, Rural Development",,,
Neil Benedict,A,Montejo,"Representative, Science and Technology",,,
Arturo,B,Robes,"Representative, Small Business & Entrepreneurship Development",,,
Fredenil ,H,Castro,"Representative, Social Services",,,
Rene ,L,Relampagos,"Representative, Tourism",,,
Mark ,A,Villar,"Representative, Trade and Industry",,,
Cesar ,V,Sarmiento,"Representative, Transportation",,,
Herminia ,B,Roman,"Representative, Veterans Affairs and Welfare",,,
Romero ,S,Quimbo,"Representative, Ways and Means",,,
Aurora ,,Enerio-Cerilles,"Representative, Welfare of Children",,,
Linabelle Ruth ,R,Villarica,"Representative, Women and Gender Equality",,,
Anthony ,G,Del Rosario,"Representative, Youth and Sports Development",,,
Cinchona,,Cruz-Gonzales,"Representative, Bases Conversion",,,
Rodel,M,Batocabe,"Representative, Bicol Recovery and Economic Development",,,
Raymond Democrito ,C,Mendoza,"Representative, East Asean Growth Area",,,
Agapito ,H,Guanlao,"Representative, Food Security",,,
Irwin ,C,Tieng,"Representative, Globalization and WTO",,,
Arlene ,J, Bag-ao,"Representative, Land Use",,,
Teodorico ,T,Haresco Jr.,"Representative, Millenium Development Goals",,,
Maximo ,B,Dalog,"Representative, North Luzon Growth Quadrangle",,,
Jim,,Hataman-Salliman,"Representative, Peace, Reconciliation and Unity",,,
Susan ,A,Yap,"Representative, Reforestation",,,
Isidro,S,Rodriguez Jr.,"Representative, Southern Tagalog Development",,,